,EvalCount,0,0.75,0.25,EvalCount,1,0.75,0.25,EvalCount,2,0.75,0.25,EvalCount,0,0,0,0,0,0
0,12.0,4.7865205,10.9139625,1.268896775,12.0,94.39547999999999,180.3555,58.244185,12,36.606205,141.76665,15.3867,12,85.778,52.0599,137.7584,0.95876535,0.424163425,3.15877175
1,24.0,3.743078,8.98273975,1.083536225,24.0,79.59891999999999,146.17085,45.1723425,24,30.886645,117.232125,14.3480275,24,85.778,52.0599,137.7584,0.95876535,0.424163425,3.15877175
2,36.0,3.2314945,8.245103499999999,0.9291256250000001,36.0,63.235155000000006,114.71860000000001,42.322265,36,28.535384999999998,111.641705,13.44628,36,85.778,52.0599,137.7584,0.95876535,0.424163425,3.15877175
3,48.0,3.147251,8.088776,0.872069525,48.0,60.053155000000004,109.17955,39.5261625,48,27.308785,105.49837000000001,10.765335,48,85.778,52.0599,137.7584,0.95876535,0.424163425,3.15877175
4,60.0,2.743621,6.239359,0.830650325,60.0,60.053155000000004,79.0939925,35.163645,60,26.626179999999998,96.355645,10.55858075,60,85.778,52.0599,137.7584,0.95876535,0.424163425,3.15877175
5,72.0,2.059857,5.73690475,0.793039925,72.0,51.566415,70.2360975,35.163645,72,23.4995,95.24079499999999,10.37060075,72,85.778,52.0599,137.7584,0.95876535,0.424163425,3.15877175
6,84.0,2.059857,5.34702325,0.589290625,84.0,39.752545,61.604255,30.7316375,84,23.4995,94.230705,9.218013749999999,84,85.778,52.0599,137.7584,0.95876535,0.424163425,3.15877175
7,96.0,1.8776725,4.973319500000001,0.589290625,96.0,36.799315,54.5900075,30.7316375,96,18.52632,87.99686,8.609554750000001,96,85.778,52.0599,137.7584,0.95876535,0.424163425,3.15877175
8,108.0,1.7676915,4.48019825,0.43050587500000004,108.0,34.53314,51.444125,27.672379999999997,108,15.794364999999999,80.35347,8.141638,108,85.778,52.0599,137.7584,0.95876535,0.424163425,3.15877175
9,120.0,1.431934,3.6349852499999997,0.399939775,120.0,30.334645000000002,48.177747499999995,24.175345,120,15.794364999999999,73.32262,6.55988525,120,85.778,52.0599,137.7584,0.95876535,0.424163425,3.15877175
10,132.0,1.431934,3.6349852499999997,0.358997675,132.0,27.079705,36.5331075,22.5365475,132,14.708815000000001,66.913705,6.356992,132,85.778,52.0599,137.7584,0.95876535,0.424163425,3.15877175
11,144.0,1.431934,3.424206,0.33089915,144.0,23.95251,35.73046,17.3983525,144,14.52468,60.2541625,5.637941,144,85.778,52.0599,137.7584,0.95876535,0.424163425,3.15877175
12,156.0,1.16774715,3.38146775,0.31685762500000003,156.0,23.463695,31.846809999999998,14.890649999999999,156,14.52468,56.675515000000004,5.24047475,156,85.778,52.0599,137.7584,0.95876535,0.424163425,3.15877175
13,168.0,0.9535035000000001,3.34749375,0.29221215,168.0,23.463695,31.846809999999998,14.3224925,168,13.545684999999999,51.483842499999994,4.724587,168,85.778,52.0599,137.7584,0.95876535,0.424163425,3.15877175
14,180.0,0.8364906,2.6470125,0.29221215,180.0,21.183215,30.408189999999998,11.9540805,180,13.25701,51.40114,4.2891905,180,85.778,52.0599,137.7584,0.95876535,0.424163425,3.15877175
15,192.0,0.6988284,2.523808,0.22504012499999998,192.0,16.652695,27.8790875,11.7296805,192,13.25701,42.4555525,3.8262852499999997,192,85.778,52.0599,137.7584,0.95876535,0.424163425,3.15877175
16,204.0,0.6928584,1.7714565000000002,0.1945085,204.0,14.626215,27.768964999999998,9.81936,204,11.926960000000001,33.3111625,3.00637175,204,85.778,52.0599,137.7584,0.95876535,0.424163425,3.15877175
17,216.0,0.64765445,1.50715675,0.1945085,216.0,13.82031,26.45569,8.952023,216,11.31325,33.3111625,2.9496975,216,85.778,52.0599,137.7584,0.95876535,0.424163425,3.15877175
18,228.0,0.61910915,1.3551625,0.1945085,228.0,13.290415,21.74577,8.952023,228,9.6132485,33.3111625,2.5240982499999998,228,85.778,52.0599,137.7584,0.95876535,0.424163425,3.15877175
19,240.0,0.46649405,1.3551625,0.171106725,240.0,13.290415,21.029765,6.93434225,240,9.2306685,33.3111625,2.3841579999999998,240,85.778,52.0599,137.7584,0.95876535,0.424163425,3.15877175
20,252.0,0.38087424999999997,1.3551625,0.156836425,252.0,11.410631500000001,19.376260000000002,6.2047989999999995,252,8.9506085,33.3111625,2.03849675,252,85.778,52.0599,137.7584,0.95876535,0.424163425,3.15877175
21,264.0,0.3358973,1.1325875,0.11708925,264.0,9.742981,15.576165,6.040855,264,8.3036125,33.3111625,2.03506325,264,85.778,52.0599,137.7584,0.95876535,0.424163425,3.15877175
22,276.0,0.29485934999999996,1.1325875,0.1039077775,276.0,8.274958,13.1006675,4.7462235,276,6.710815,33.3111625,1.978655,276,85.778,52.0599,137.7584,0.95876535,0.424163425,3.15877175
23,288.0,0.27887125,1.0520307500000001,0.097582785,288.0,7.4486799999999995,13.06928,4.187344,288,6.605292500000001,31.826305,1.65276575,288,85.778,52.0599,137.7584,0.95876535,0.424163425,3.15877175
24,300.0,0.22279290000000002,1.0520307500000001,0.06810037249999999,300.0,6.6336005,11.43457,3.37340725,300,6.3641795000000005,29.542569999999998,1.272893,300,85.778,52.0599,137.7584,0.95876535,0.424163425,3.15877175
25,312.0,0.21844745,0.99853105,0.06810037249999999,312.0,6.6336005,11.43457,3.37340725,312,5.4876245,26.798477499999997,1.14735875,312,85.778,52.0599,137.7584,0.95876535,0.424163425,3.15877175
26,324.0,0.19494784999999998,0.9283078,0.06810037249999999,324.0,6.4239695,9.40343225,3.37340725,324,4.8244115,25.5867425,1.0207009500000002,324,85.778,52.0599,137.7584,0.95876535,0.424163425,3.15877175
27,336.0,0.19494784999999998,0.664866775,0.06760397,336.0,5.253415,9.205964000000002,3.265954,336,4.8244115,22.30655,1.0207009500000002,336,85.778,52.0599,137.7584,0.95876535,0.424163425,3.15877175
28,348.0,0.1869984,0.51601325,0.0564705425,348.0,4.601783,8.2761485,3.2057242500000003,348,4.6290955,19.4217925,0.7975741749999999,348,85.778,52.0599,137.7584,0.95876535,0.424163425,3.15877175
29,360.0,0.16417739999999997,0.51601325,0.0553503725,360.0,4.1431325,7.327265,2.89666875,360,4.6290955,15.714065,0.796245275,360,85.778,52.0599,137.7584,0.95876535,0.424163425,3.15877175
30,372.0,0.1434484,0.5001154999999999,0.053365955,372.0,3.6942804999999996,6.5117775,2.5502225,372,3.976431,14.704707500000001,0.74395905,372,85.778,52.0599,137.7584,0.95876535,0.424163425,3.15877175
31,384.0,0.12270965,0.3997813,0.053365955,384.0,3.135125,6.23327075,2.2648800000000002,384,3.976431,14.704707500000001,0.684204675,384,85.778,52.0599,137.7584,0.95876535,0.424163425,3.15877175
32,396.0,0.10831289,0.32255167500000004,0.04086042,396.0,3.135125,5.03332825,1.7377665,396,3.976431,14.704707500000001,0.61664455,396,85.778,52.0599,137.7584,0.95876535,0.424163425,3.15877175
33,408.0,0.107224635,0.32255167500000004,0.036289025,408.0,2.4502355,4.27123075,1.352599,408,3.976431,14.1095525,0.5174061999999999,408,85.778,52.0599,137.7584,0.95876535,0.424163425,3.15877175
34,420.0,0.091975475,0.318384975,0.024514777499999998,420.0,2.260879,4.27123075,1.3525585,420,3.976431,13.876362499999999,0.45087855,420,85.778,52.0599,137.7584,0.95876535,0.424163425,3.15877175
35,432.0,0.081806745,0.318384975,0.020592185,432.0,2.0642505,4.27123075,1.18566475,432,3.8118995,13.737527499999999,0.440346275,432,85.778,52.0599,137.7584,0.95876535,0.424163425,3.15877175
36,444.0,0.06887304999999999,0.318384975,0.0194072375,444.0,1.984435,3.2065465,1.10912875,444,2.591671,13.248775,0.415878425,444,85.778,52.0599,137.7584,0.95876535,0.424163425,3.15877175
37,456.0,0.06036738,0.300126,0.01927902,456.0,1.7558825,3.0085275,1.10912875,456,2.2189034999999997,11.89736525,0.379518125,456,85.778,52.0599,137.7584,0.95876535,0.424163425,3.15877175
38,468.0,0.053064245,0.300126,0.018403725,468.0,1.5006945,2.7653235,0.852362725,468,1.9090595,10.40053025,0.33974329999999997,468,85.778,52.0599,137.7584,0.95876535,0.424163425,3.15877175
39,480.0,0.04652357,0.19928537500000001,0.018403725,480.0,1.2028425,2.7653235,0.796101175,480,1.9090595,8.8359545,0.33199497499999997,480,85.778,52.0599,137.7584,0.95876535,0.424163425,3.15877175
40,492.0,0.038155875000000006,0.19928537500000001,0.0181087875,492.0,1.2028425,2.27931,0.7677359500000001,492,1.9090595,8.65019375,0.27428969999999997,492,85.778,52.0599,137.7584,0.95876535,0.424163425,3.15877175
41,504.0,0.031015855,0.1957306,0.0181087875,504.0,1.087985,2.0488287499999998,0.6474728,504,1.9090595,7.9227947499999996,0.268025625,504,85.778,52.0599,137.7584,0.95876535,0.424163425,3.15877175
42,516.0,0.028607479999999998,0.172865625,0.0145104,516.0,1.0479094999999998,1.91667575,0.63426865,516,1.7891055,7.39739,0.25738360000000005,516,85.778,52.0599,137.7584,0.95876535,0.424163425,3.15877175
43,528.0,0.028607479999999998,0.13331435,0.01228977,528.0,1.0305179999999998,1.8867262500000002,0.52226225,528,1.7891055,4.26260275,0.188167975,528,85.778,52.0599,137.7584,0.95876535,0.424163425,3.15877175
44,540.0,0.028607479999999998,0.1221761,0.0121917225,540.0,0.9756033,1.7780355,0.52226225,540,1.62238,4.26260275,0.162776725,540,85.778,52.0599,137.7584,0.95876535,0.424163425,3.15877175
45,552.0,0.024233659999999997,0.10242056,0.01066201,552.0,0.7900908,1.52067875,0.47712355,552,1.6097380000000001,4.26260275,0.15562595,552,85.778,52.0599,137.7584,0.95876535,0.424163425,3.15877175
46,564.0,0.021529245000000002,0.10222426,0.010299681,564.0,0.7722375,1.482729,0.40664125,564,1.24504,3.9229405,0.14470855,564,85.778,52.0599,137.7584,0.95876535,0.424163425,3.15877175
47,576.0,0.01709414,0.09832031,0.009795321749999999,576.0,0.676268,1.329072,0.388613425,576,1.15687485,3.9229405,0.13803275,576,85.778,52.0599,137.7584,0.95876535,0.424163425,3.15877175
48,588.0,0.01550366,0.0724928275,0.00826863525,588.0,0.65920185,1.2414922499999999,0.332790525,588,1.09754735,3.6340547500000002,0.117493775,588,85.778,52.0599,137.7584,0.95876535,0.424163425,3.15877175
49,600.0,0.014000740000000001,0.0724928275,0.0068976407500000005,600.0,0.6282705,1.06891325,0.318094975,600,1.00301735,3.6340547500000002,0.109411475,600,85.778,52.0599,137.7584,0.95876535,0.424163425,3.15877175
50,612.0,0.011414085000000001,0.0724928275,0.00607843275,612.0,0.5066482,1.06791075,0.247931925,612,1.00301735,3.6340547500000002,0.10678027500000001,612,85.778,52.0599,137.7584,0.95876535,0.424163425,3.15877175
51,624.0,0.0079807355,0.06861853,0.005481599,624.0,0.4748877,0.79433595,0.24604355,624,0.85499395,3.2815297500000002,0.093260215,624,85.778,52.0599,137.7584,0.95876535,0.424163425,3.15877175
52,636.0,0.007293719000000001,0.062084072500000004,0.0049060530000000005,636.0,0.3178021,0.79433595,0.224326075,636,0.7438312,3.20783775,0.08232138,636,85.778,52.0599,137.7584,0.95876535,0.424163425,3.15877175
53,648.0,0.0065677415,0.058413925000000005,0.00440568775,648.0,0.27943474999999995,0.73038555,0.19752967500000002,648,0.6217632,2.81374,0.079307945,648,85.778,52.0599,137.7584,0.95876535,0.424163425,3.15877175
54,660.0,0.0065436669999999995,0.0514740375,0.00408719025,660.0,0.27545185,0.5289832,0.176094325,660,0.6217632,2.79964875,0.0731643575,660,85.778,52.0599,137.7584,0.95876535,0.424163425,3.15877175
55,672.0,0.006444998,0.05069101,0.0038944355,672.0,0.25362514999999997,0.5289832,0.16173987499999998,672,0.6146529000000001,2.625018,0.0716931475,672,85.778,52.0599,137.7584,0.95876535,0.424163425,3.15877175
56,684.0,0.005691185,0.0477005125,0.0037398195000000003,684.0,0.22322575,0.52637335,0.15281687500000002,684,0.53666715,2.1050975,0.056248305,684,85.778,52.0599,137.7584,0.95876535,0.424163425,3.15877175
57,696.0,0.005691185,0.03471184,0.0037398195000000003,696.0,0.2076971,0.5117514,0.15281687500000002,696,0.52708695,1.7932375,0.0444450675,696,85.778,52.0599,137.7584,0.95876535,0.424163425,3.15877175
58,708.0,0.0056642615,0.030192422500000003,0.00319188625,708.0,0.17604940000000002,0.43719644999999996,0.116954175,708,0.51662535,1.6172765,0.0444450675,708,85.778,52.0599,137.7584,0.95876535,0.424163425,3.15877175
59,720.0,0.005611435,0.02662797,0.00204285125,720.0,0.1682441,0.394300875,0.1126027075,720,0.39078245,1.55566475,0.0415506675,720,85.778,52.0599,137.7584,0.95876535,0.424163425,3.15877175
60,732.0,0.0048862325000000005,0.024288289999999997,0.00193543975,732.0,0.1470903,0.34281085,0.095373295,732,0.25213265,1.241935,0.037206750000000004,732,85.778,52.0599,137.7584,0.95876535,0.424163425,3.15877175
61,744.0,0.003471758,0.024288289999999997,0.00187276325,744.0,0.1460584,0.298939375,0.08664413,744,0.25213265,1.241935,0.0322944925,744,85.778,52.0599,137.7584,0.95876535,0.424163425,3.15877175
62,756.0,0.003456244,0.01797737,0.00169466525,756.0,0.13785165,0.298543325,0.08664413,756,0.234376,1.09057375,0.0249481225,756,85.778,52.0599,137.7584,0.95876535,0.424163425,3.15877175
63,768.0,0.0027764095000000003,0.01797737,0.00169466525,768.0,0.12098924999999999,0.28170575,0.06364634749999999,768,0.22417569999999998,1.09057375,0.0249481225,768,85.778,52.0599,137.7584,0.95876535,0.424163425,3.15877175
64,780.0,0.0024319555,0.0172424425,0.00164687875,780.0,0.11797575,0.16069125,0.0577122225,780,0.1763243,0.90110985,0.02148426,780,85.778,52.0599,137.7584,0.95876535,0.424163425,3.15877175
65,792.0,0.002388144,0.014784405,0.00154512625,792.0,0.11797575,0.16069125,0.057117195,792,0.1763243,0.685586175,0.0203841325,792,85.778,52.0599,137.7584,0.95876535,0.424163425,3.15877175
66,804.0,0.002267399,0.014181382499999999,0.0014224757500000001,804.0,0.0909394,0.16069125,0.0522461675,804,0.1763243,0.6382515,0.01755863,804,85.778,52.0599,137.7584,0.95876535,0.424163425,3.15877175
67,816.0,0.002267399,0.0116433,0.00125082575,816.0,0.089930705,0.1548642,0.0521639,816,0.17147205,0.551466425,0.0166278625,816,85.778,52.0599,137.7584,0.95876535,0.424163425,3.15877175
68,828.0,0.001786251,0.0108292045,0.000821644175,828.0,0.089930705,0.135218025,0.03728669,828,0.145122605,0.551466425,0.0164261375,828,85.778,52.0599,137.7584,0.95876535,0.424163425,3.15877175
69,840.0,0.0015531874999999999,0.0108292045,0.00071076595,840.0,0.074188675,0.135218025,0.031379195,840,0.09090933000000001,0.551466425,0.014735785000000001,840,85.778,52.0599,137.7584,0.95876535,0.424163425,3.15877175
70,852.0,0.0013852019999999999,0.008226333249999999,0.00071076595,852.0,0.062128459999999996,0.1260827,0.031379195,852,0.084386495,0.551466425,0.01332999,852,85.778,52.0599,137.7584,0.95876535,0.424163425,3.15877175
71,864.0,0.0011556795,0.00810697575,0.00071076595,864.0,0.062128459999999996,0.1068416,0.029866774999999998,864,0.08430610499999999,0.368646325,0.011929627500000001,864,85.778,52.0599,137.7584,0.95876535,0.424163425,3.15877175
72,876.0,0.0011556795,0.0077158702499999995,0.000521442,876.0,0.054186165,0.09994989,0.025669215000000002,876,0.08374300500000001,0.31912019999999997,0.0110757575,876,85.778,52.0599,137.7584,0.95876535,0.424163425,3.15877175
73,888.0,0.0010903335,0.0077158702499999995,0.000473113325,888.0,0.05170908,0.07981716999999999,0.023864475,888,0.072623575,0.29387925,0.009672110250000001,888,85.778,52.0599,137.7584,0.95876535,0.424163425,3.15877175
74,900.0,0.00082969735,0.00713854,0.00045970675000000003,900.0,0.046365149999999994,0.0667641025,0.022866835,900,0.06950963,0.2821438,0.009030404249999999,900,85.778,52.0599,137.7584,0.95876535,0.424163425,3.15877175
75,912.0,0.0007777020999999999,0.006711676,0.00045970675000000003,912.0,0.041055815,0.0601257,0.022866835,912,0.055626125,0.2821438,0.00895201575,912,85.778,52.0599,137.7584,0.95876535,0.424163425,3.15877175
76,924.0,0.0007481297,0.0060194129999999995,0.00039871915,924.0,0.04089641,0.0601257,0.02228519,924,0.05402284,0.23654199999999997,0.0071545507500000004,924,85.778,52.0599,137.7584,0.95876535,0.424163425,3.15877175
77,936.0,0.0006049760999999999,0.00528958675,0.0003904081,936.0,0.03941977,0.04650195,0.0204209775,936,0.04307849,0.233861275,0.00648771475,936,85.778,52.0599,137.7584,0.95876535,0.424163425,3.15877175
78,948.0,0.00059083035,0.0052295842500000005,0.000345371825,948.0,0.035805619999999996,0.0452984925,0.0186264675,948,0.04307849,0.202868725,0.005718409749999999,948,85.778,52.0599,137.7584,0.95876535,0.424163425,3.15877175
79,960.0,0.0005019335,0.004898696750000001,0.000337623025,960.0,0.035108020000000004,0.045087417500000004,0.01567286,960,0.04147449,0.162758125,0.00528135625,960,85.778,52.0599,137.7584,0.95876535,0.424163425,3.15877175
80,972.0,0.000402227,0.004898696750000001,0.000301008625,972.0,0.028460665000000003,0.044385915,0.015384465,972,0.04147449,0.15223742499999998,0.00528135625,972,85.778,52.0599,137.7584,0.95876535,0.424163425,3.15877175
81,984.0,0.0003973183,0.00430124875,0.000230672025,984.0,0.02528609,0.038891085,0.015384465,984,0.039983225,0.148035325,0.005175247,984,85.778,52.0599,137.7584,0.95876535,0.424163425,3.15877175
82,996.0,0.00037536065000000004,0.00405044125,0.00023052532499999998,996.0,0.02444406,0.031224982499999998,0.015384465,996,0.036920325000000004,0.1126288,0.0047011562500000005,996,85.778,52.0599,137.7584,0.95876535,0.424163425,3.15877175
83,1008.0,0.00033291585,0.0026383735,0.00021013435000000002,1008.0,0.022127505,0.031224982499999998,0.0104096455,1008,0.036920325000000004,0.0934187925,0.00463250825,1008,85.778,52.0599,137.7584,0.95876535,0.424163425,3.15877175
84,1020.0,0.00031625745,0.0026383735,0.000175882675,1020.0,0.018744385,0.030250105,0.00870579175,1020,0.034063705,0.0934187925,0.004168708,1020,85.778,52.0599,137.7584,0.95876535,0.424163425,3.15877175
85,1032.0,0.00027985,0.0026383735,0.000160559825,1032.0,0.01732086,0.0242968275,0.00758703425,1032,0.031105925,0.0921087225,0.00406103875,1032,85.778,52.0599,137.7584,0.95876535,0.424163425,3.15877175
86,1044.0,0.00027046000000000004,0.0023830147499999997,0.00012314697499999998,1044.0,0.01303797,0.019815405,0.00724716725,1044,0.02286555,0.07645083,0.002985605,1044,85.778,52.0599,137.7584,0.95876535,0.424163425,3.15877175
87,1056.0,0.00022347035,0.0018563245,0.00012293415,1056.0,0.012926855000000001,0.018428445,0.00514792425,1056,0.01592774,0.07645083,0.0029017585,1056,85.778,52.0599,137.7584,0.95876535,0.424163425,3.15877175
88,1068.0,0.00018401764999999997,0.00184259925,0.00012293415,1068.0,0.011363325,0.018428445,0.0048124234999999994,1068,0.014060554999999999,0.065984775,0.00228814375,1068,85.778,52.0599,137.7584,0.95876535,0.424163425,3.15877175
89,1080.0,0.00018294485,0.001717003,9.567191e-05,1080.0,0.009473117999999999,0.015773765,0.00429850575,1080,0.014060554999999999,0.053583945,0.0022409435,1080,85.778,52.0599,137.7584,0.95876535,0.424163425,3.15877175
90,1092.0,0.00017525285,0.001079627025,9.567191e-05,1092.0,0.007760226,0.015773765,0.00389183,1092,0.01380433,0.0485178825,0.001989419,1092,85.778,52.0599,137.7584,0.95876535,0.424163425,3.15877175
91,1104.0,0.0001701016,0.000774902,9.07666975e-05,1104.0,0.0075637295,0.011838305,0.0038599005,1104,0.011662175,0.044276245,0.001989419,1104,85.778,52.0599,137.7584,0.95876535,0.424163425,3.15877175
92,1116.0,0.0001701016,0.00076062225,8.156963e-05,1116.0,0.007513658999999999,0.011290025,0.0038599005,1116,0.011485780000000001,0.044276245,0.00170814475,1116,85.778,52.0599,137.7584,0.95876535,0.424163425,3.15877175
93,1128.0,0.0001510743,0.00069054925,7.969968749999999e-05,1128.0,0.0069853205,0.009622498,0.003694173,1128,0.011485780000000001,0.04034302,0.00170814475,1128,85.778,52.0599,137.7584,0.95876535,0.424163425,3.15877175
94,1140.0,0.0001510743,0.0006292424500000001,6.86939625e-05,1140.0,0.0058942379999999996,0.007831626500000001,0.003694173,1140,0.009503174,0.04034302,0.0011944927,1140,85.778,52.0599,137.7584,0.95876535,0.424163425,3.15877175
95,1152.0,0.0001510743,0.0006292424500000001,6.158156250000001e-05,1152.0,0.005274475,0.00781298275,0.0027353464999999998,1152,0.009503174,0.0370542175,0.0011944927,1152,85.778,52.0599,137.7584,0.95876535,0.424163425,3.15877175
96,1164.0,0.000110958715,0.000543943775,6.109651e-05,1164.0,0.005076924,0.00641735875,0.0027353464999999998,1164,0.0078107565,0.0318951475,0.0011944927,1164,85.778,52.0599,137.7584,0.95876535,0.424163425,3.15877175
97,1176.0,0.00010730312000000001,0.0005179076000000001,5.49731025e-05,1176.0,0.004985443,0.00604929325,0.00270032825,1176,0.007024671999999999,0.02991664,0.0011944927,1176,85.778,52.0599,137.7584,0.95876535,0.424163425,3.15877175
98,1188.0,9.729971999999999e-05,0.0005033500500000001,3.95074e-05,1188.0,0.004579902,0.00579112225,0.00231333425,1188,0.007024671999999999,0.026030862499999998,0.0011788272,1188,85.778,52.0599,137.7584,0.95876535,0.424163425,3.15877175
99,1200.0,9.5919875e-05,0.0005033500500000001,3.86871525e-05,1200.0,0.0041144605,0.0056368550000000005,0.0022459465,1200,0.006543257,0.02229395,0.0011539152,1200,85.778,52.0599,137.7584,0.95876535,0.424163425,3.15877175
100,1212.0,9.2265e-05,0.0005033500500000001,3.5289765e-05,1212.0,0.0037049624999999997,0.004735008000000001,0.0019326655,1212,0.006126285,0.018767135,0.0008457319250000001,1212,85.778,52.0599,137.7584,0.95876535,0.424163425,3.15877175
101,1224.0,8.013686e-05,0.00049990235,3.2899580000000005e-05,1224.0,0.003599723,0.0046805975,0.0019318590000000002,1224,0.0053134670000000005,0.017160375000000002,0.0008457319250000001,1224,85.778,52.0599,137.7584,0.95876535,0.424163425,3.15877175
102,1236.0,7.457994e-05,0.000425322875,3.20563175e-05,1236.0,0.0031021825,0.00462361975,0.001705611,1236,0.005030833,0.0142038975,0.0006476194749999999,1236,85.778,52.0599,137.7584,0.95876535,0.424163425,3.15877175
103,1248.0,7.0492255e-05,0.00037140245,2.414927e-05,1248.0,0.002814466,0.0039435805,0.00131491175,1248,0.0048699764999999996,0.013995767499999999,0.0006453296,1248,85.778,52.0599,137.7584,0.95876535,0.424163425,3.15877175
104,1260.0,7.0232995e-05,0.00034867107499999997,2.414927e-05,1260.0,0.002530924,0.00331085525,0.0012890775,1260,0.0039783295,0.013995767499999999,0.00060417305,1260,85.778,52.0599,137.7584,0.95876535,0.424163425,3.15877175
105,1272.0,5.3287695e-05,0.00034660385,2.1876715e-05,1272.0,0.002456146,0.0032869789999999998,0.001034950325,1272,0.0037990919999999996,0.0112841005,0.000471490025,1272,85.778,52.0599,137.7584,0.95876535,0.424163425,3.15877175
106,1284.0,4.969796e-05,0.000321413925,1.9022575e-05,1284.0,0.002456146,0.00315795175,0.0009717082,1284,0.00305785,0.0112841005,0.00046653327499999997,1284,85.778,52.0599,137.7584,0.95876535,0.424163425,3.15877175
107,1296.0,3.754195e-05,0.00027129615,1.65797725e-05,1296.0,0.0018272465,0.002375486,0.000767915075,1296,0.00305785,0.011281923,0.00039353832500000003,1296,85.778,52.0599,137.7584,0.95876535,0.424163425,3.15877175
108,1308.0,3.3477815e-05,0.0001832594,1.2006809999999999e-05,1308.0,0.0017361454999999999,0.002375486,0.00065613955,1308,0.00305785,0.011281923,0.00039353832500000003,1308,85.778,52.0599,137.7584,0.95876535,0.424163425,3.15877175
109,1320.0,3.290022e-05,0.0001740487,1.2006809999999999e-05,1320.0,0.0015108019999999999,0.0021533785,0.0005859597000000001,1320,0.002836361,0.0096954945,0.0002914246,1320,85.778,52.0599,137.7584,0.95876535,0.424163425,3.15877175
110,1332.0,3.290022e-05,0.00011549667499999999,1.032722975e-05,1332.0,0.001342728,0.0019463575,0.00039299492499999996,1332,0.0026631065,0.00771635375,0.0002872837,1332,85.778,52.0599,137.7584,0.95876535,0.424163425,3.15877175
111,1344.0,3.290022e-05,0.00011549667499999999,9.9809465e-06,1344.0,0.001091603,0.001809522,0.0003926551,1344,0.002207929,0.0063993675,0.00022934242499999998,1344,85.778,52.0599,137.7584,0.95876535,0.424163425,3.15877175
112,1356.0,3.290022e-05,0.00011549667499999999,9.804628e-06,1356.0,0.00077155215,0.001809522,0.000387442375,1356,0.0020517045000000003,0.0058634872499999996,0.00019408985,1356,85.778,52.0599,137.7584,0.95876535,0.424163425,3.15877175
113,1368.0,2.9089554999999997e-05,0.00011520775,6.41110025e-06,1368.0,0.0007422500500000001,0.0017829425,0.000387442375,1368,0.0018295755000000001,0.0058634872499999996,0.000189188975,1368,85.778,52.0599,137.7584,0.95876535,0.424163425,3.15877175
114,1380.0,2.1495465000000002e-05,0.00011186835,6.300957750000001e-06,1380.0,0.0007422500500000001,0.0012523822499999999,0.00036606445000000003,1380,0.001507916,0.00492285075,0.000189188975,1380,85.778,52.0599,137.7584,0.95876535,0.424163425,3.15877175
115,1392.0,2.0574125e-05,9.49924375e-05,6.0636744999999995e-06,1392.0,0.0007422500500000001,0.0012440354999999998,0.0003008377,1392,0.001493849,0.00486068775,0.000184684,1392,85.778,52.0599,137.7584,0.95876535,0.424163425,3.15877175
116,1404.0,1.9194695e-05,8.30838575e-05,6.04145075e-06,1404.0,0.0007422500500000001,0.00102889875,0.00028083545,1404,0.0012506915000000001,0.00427322025,0.00015841055,1404,85.778,52.0599,137.7584,0.95876535,0.424163425,3.15877175
117,1416.0,1.9194695e-05,7.442326e-05,4.5764242500000004e-06,1416.0,0.00064137915,0.000794442825,0.000270438875,1416,0.0010942395,0.002911994,0.0001371940725,1416,85.778,52.0599,137.7584,0.95876535,0.424163425,3.15877175
118,1428.0,1.7607715e-05,6.9954765e-05,4.5764242500000004e-06,1428.0,0.0006151241499999999,0.000738203875,0.000246608375,1428,0.00106224665,0.002911994,0.00011272618,1428,85.778,52.0599,137.7584,0.95876535,0.424163425,3.15877175
119,1440.0,1.7607715e-05,6.993597e-05,4.53628575e-06,1440.0,0.00047927055000000004,0.00065701335,0.000194319025,1440,0.0010569763,0.00268146925,0.000112178605,1440,85.778,52.0599,137.7584,0.95876535,0.424163425,3.15877175
120,1452.0,1.6228885000000002e-05,5.5149137499999996e-05,4.53628575e-06,1452.0,0.00045561504999999994,0.0006215877,0.0001913669,1452,0.0008943185,0.00268146925,9.41325775e-05,1452,85.778,52.0599,137.7584,0.95876535,0.424163425,3.15877175
121,1464.0,1.6228885000000002e-05,5.4214665e-05,4.53628575e-06,1464.0,0.0004260356,0.000589781225,0.0001768554,1464,0.0006197259,0.00256463475,8.13363175e-05,1464,85.778,52.0599,137.7584,0.95876535,0.424163425,3.15877175
122,1476.0,1.32614495e-05,5.4214665e-05,4.53628575e-06,1476.0,0.00040523865,0.00056242385,0.00013336555,1476,0.00057291755,0.00256463475,8.13363175e-05,1476,85.778,52.0599,137.7584,0.95876535,0.424163425,3.15877175
123,1488.0,1.13907035e-05,5.0839725e-05,4.53628575e-06,1488.0,0.00035208975,0.000498924575,0.00013336555,1488,0.0005564913,0.00253090475,6.34242575e-05,1488,85.778,52.0599,137.7584,0.95876535,0.424163425,3.15877175
124,1500.0,1.13907035e-05,4.05865875e-05,4.1582845e-06,1500.0,0.00035208975,0.0004823499,0.000119830825,1500,0.0005564913,0.00219110075,5.9043815e-05,1500,85.778,52.0599,137.7584,0.95876535,0.424163425,3.15877175
125,1512.0,1.1230196e-05,3.142203e-05,3.2824635e-06,1512.0,0.0002990401,0.00045685282499999995,0.00011325375250000001,1512,0.0004927743,0.0021820949999999998,5.80751075e-05,1512,85.778,52.0599,137.7584,0.95876535,0.424163425,3.15877175
126,1524.0,1.0829080999999999e-05,2.9929807499999996e-05,3.279317e-06,1524.0,0.0002332231,0.000422022075,9.104733000000001e-05,1524,0.00039293635,0.0021820949999999998,5.1723667499999995e-05,1524,85.778,52.0599,137.7584,0.95876535,0.424163425,3.15877175
127,1536.0,7.2807575e-06,2.9929807499999996e-05,2.5930595e-06,1536.0,0.0002196006,0.000422022075,9.104733000000001e-05,1536,0.0002878577,0.0013095,5.1723667499999995e-05,1536,85.778,52.0599,137.7584,0.95876535,0.424163425,3.15877175
128,1548.0,7.2807575e-06,2.4308195e-05,2.19829425e-06,1548.0,0.0002035961,0.000338099375,8.746066e-05,1548,0.0002633655,0.0011842415000000001,5.1378274999999994e-05,1548,85.778,52.0599,137.7584,0.95876535,0.424163425,3.15877175
129,1560.0,7.2807575e-06,2.3750955e-05,1.68963075e-06,1560.0,0.00018930325,0.00028275292500000004,8.6337145e-05,1560,0.0002633655,0.0011842415000000001,4.5829325e-05,1560,85.778,52.0599,137.7584,0.95876535,0.424163425,3.15877175
130,1572.0,6.4410915e-06,1.76865375e-05,1.22658055e-06,1572.0,0.0001833043,0.00027575445,7.2030675e-05,1572,0.00023973255,0.0011051412499999999,4.58196525e-05,1572,85.778,52.0599,137.7584,0.95876535,0.424163425,3.15877175
131,1584.0,4.756199e-06,1.76865375e-05,1.1811883e-06,1584.0,0.00014208455,0.00027575445,7.0925355e-05,1584,0.0002102799,0.0010834435,3.9013935e-05,1584,85.778,52.0599,137.7584,0.95876535,0.424163425,3.15877175
132,1596.0,4.2301794999999995e-06,1.76865375e-05,8.31740275e-07,1596.0,0.00012104815000000001,0.00027575445,6.91763475e-05,1596,0.0001865786,0.001039915575,3.9013935e-05,1596,85.778,52.0599,137.7584,0.95876535,0.424163425,3.15877175
133,1608.0,4.157979e-06,1.6612605e-05,8.3144795e-07,1608.0,0.000100716795,0.000251386425,5.7209462499999996e-05,1608,0.0001865786,0.001023143775,2.355964e-05,1608,85.778,52.0599,137.7584,0.95876535,0.424163425,3.15877175
134,1620.0,3.5946765000000004e-06,1.4560645e-05,7.691064250000001e-07,1620.0,9.7810935e-05,0.000191463675,4.48887475e-05,1620,0.0001748025,0.000778872625,2.35553125e-05,1620,85.778,52.0599,137.7584,0.95876535,0.424163425,3.15877175
135,1632.0,3.540811e-06,1.4560645e-05,7.691064250000001e-07,1632.0,9.323081e-05,0.000163874625,3.3108075e-05,1632,0.00013601329999999998,0.000778872625,2.10193775e-05,1632,85.778,52.0599,137.7584,0.95876535,0.424163425,3.15877175
136,1644.0,2.606492e-06,1.4560645e-05,7.691064250000001e-07,1644.0,7.2105335e-05,0.0001519212,3.08136875e-05,1644,0.00013601329999999998,0.000606430875,2.0798994999999998e-05,1644,85.778,52.0599,137.7584,0.95876535,0.424163425,3.15877175
137,1656.0,2.497339e-06,1.31300725e-05,7.671755500000001e-07,1656.0,6.297979e-05,0.00012801995,3.08136875e-05,1656,0.00013601329999999998,0.000489703275,2.0758209999999998e-05,1656,85.778,52.0599,137.7584,0.95876535,0.424163425,3.15877175
138,1668.0,1.579306e-06,1.15629275e-05,6.67178425e-07,1668.0,5.849894999999999e-05,0.00010710010000000001,2.7090495e-05,1668,0.00011921665,0.000393832275,1.5751664999999998e-05,1668,85.778,52.0599,137.7584,0.95876535,0.424163425,3.15877175
139,1680.0,1.579306e-06,8.480441e-06,6.67178425e-07,1680.0,5.1743625e-05,0.00010710010000000001,2.64319825e-05,1680,0.00011921665,0.000393832275,1.559395e-05,1680,85.778,52.0599,137.7584,0.95876535,0.424163425,3.15877175
140,1692.0,1.554759e-06,8.257596e-06,5.29838525e-07,1692.0,5.0059210000000004e-05,9.824816499999999e-05,2.4598222500000003e-05,1692,0.00010353884999999999,0.000393832275,1.5314285e-05,1692,85.778,52.0599,137.7584,0.95876535,0.424163425,3.15877175
141,1704.0,1.554759e-06,7.913776500000001e-06,4.99588625e-07,1704.0,4.434487e-05,9.255723999999999e-05,2.32482225e-05,1704,9.558278e-05,0.000279872875,1.5314285e-05,1704,85.778,52.0599,137.7584,0.95876535,0.424163425,3.15877175
142,1716.0,1.4986205000000002e-06,7.5069690000000005e-06,4.0675242499999997e-07,1716.0,4.4204715e-05,9.255723999999999e-05,2.274005e-05,1716,7.161934e-05,0.0002573621,1.5314285e-05,1716,85.778,52.0599,137.7584,0.95876535,0.424163425,3.15877175
143,1728.0,1.2159235e-06,6.276772749999999e-06,2.789767e-07,1728.0,4.2704859999999996e-05,9.255723999999999e-05,1.7394067499999998e-05,1728,6.6626685e-05,0.0002573621,1.20909125e-05,1728,85.778,52.0599,137.7584,0.95876535,0.424163425,3.15877175
144,1740.0,1.1760805e-06,5.17371725e-06,2.7645467500000003e-07,1740.0,3.94636e-05,9.255723999999999e-05,1.7394067499999998e-05,1740,6.464409e-05,0.0002573621,1.0191853e-05,1740,85.778,52.0599,137.7584,0.95876535,0.424163425,3.15877175
145,1752.0,1.1760805e-06,3.9510415e-06,2.62087975e-07,1752.0,3.222953e-05,8.347575250000001e-05,1.24528e-05,1752,6.0481795e-05,0.0002573621,9.227162999999999e-06,1752,85.778,52.0599,137.7584,0.95876535,0.424163425,3.15877175
146,1764.0,1.1139385e-06,3.509073e-06,2.60762725e-07,1764.0,3.027611e-05,7.499713000000001e-05,1.214539e-05,1764,5.6410844999999995e-05,0.0001956358,9.13206275e-06,1764,85.778,52.0599,137.7584,0.95876535,0.424163425,3.15877175
147,1776.0,9.379866e-07,3.3747122500000002e-06,2.60762725e-07,1776.0,2.724568e-05,5.3831375e-05,1.16743925e-05,1776,4.896439e-05,0.00019471372499999998,7.40543775e-06,1776,85.778,52.0599,137.7584,0.95876535,0.424163425,3.15877175
148,1788.0,9.379866e-07,3.350624e-06,2.53294925e-07,1788.0,2.513971e-05,5.0063069999999996e-05,1.1416790000000002e-05,1788,4.3645805e-05,0.000170551675,6.42145575e-06,1788,85.778,52.0599,137.7584,0.95876535,0.424163425,3.15877175
149,1800.0,8.952094e-07,3.2637870000000003e-06,2.2184674999999998e-07,1800.0,2.101759e-05,3.7445639999999995e-05,7.919149e-06,1800,3.5528555e-05,0.000142512975,6.0587685e-06,1800,85.778,52.0599,137.7584,0.95876535,0.424163425,3.15877175
150,1812.0,8.8412255e-07,3.16376225e-06,2.0082165e-07,1812.0,2.101759e-05,3.49155425e-05,7.919149e-06,1812,3.4646540000000004e-05,9.948740999999999e-05,6.01528975e-06,1812,85.778,52.0599,137.7584,0.95876535,0.424163425,3.15877175
151,1824.0,7.6235325e-07,2.17329075e-06,1.9857017499999998e-07,1824.0,1.956361e-05,3.21892475e-05,6.5053615e-06,1824,3.4646540000000004e-05,9.948740999999999e-05,5.9147972500000005e-06,1824,85.778,52.0599,137.7584,0.95876535,0.424163425,3.15877175
152,1836.0,7.4627805e-07,2.17329075e-06,1.777648225e-07,1836.0,1.5108289999999998e-05,3.2149355e-05,6.5053615e-06,1836,3.0749835e-05,9.948740999999999e-05,4.79286875e-06,1836,85.778,52.0599,137.7584,0.95876535,0.424163425,3.15877175
153,1848.0,6.053438e-07,2.17329075e-06,1.1727374749999999e-07,1848.0,1.3332844999999999e-05,2.985184e-05,6.499309750000001e-06,1848,2.5711695e-05,9.4741935e-05,3.65071575e-06,1848,85.778,52.0599,137.7584,0.95876535,0.424163425,3.15877175
154,1860.0,4.496874e-07,1.79723625e-06,1.1521256999999999e-07,1860.0,1.1726195e-05,2.4241915e-05,5.73199075e-06,1860,1.6552685e-05,9.466910999999999e-05,3.52921e-06,1860,85.778,52.0599,137.7584,0.95876535,0.424163425,3.15877175
155,1872.0,4.1244395e-07,1.62803875e-06,1.1521256999999999e-07,1872.0,1.1663145e-05,2.0391075e-05,4.77474225e-06,1872,1.4842575e-05,8.9484335e-05,3.52921e-06,1872,85.778,52.0599,137.7584,0.95876535,0.424163425,3.15877175
156,1884.0,3.894262e-07,1.62803875e-06,8.55963675e-08,1884.0,1.061965e-05,1.72166975e-05,4.69778575e-06,1884,1.4842575e-05,8.9484335e-05,3.185642e-06,1884,85.778,52.0599,137.7584,0.95876535,0.424163425,3.15877175
157,1896.0,3.6825455e-07,1.3311469999999999e-06,8.55963675e-08,1896.0,8.458233e-06,1.6574215000000002e-05,4.69778575e-06,1896,1.4842575e-05,8.43787875e-05,3.104019e-06,1896,85.778,52.0599,137.7584,0.95876535,0.424163425,3.15877175
158,1908.0,3.3393889999999996e-07,1.319933e-06,8.55963675e-08,1908.0,8.3940705e-06,1.6574215000000002e-05,3.8850577500000006e-06,1908,1.3948825e-05,5.80394775e-05,2.7854865e-06,1908,85.778,52.0599,137.7584,0.95876535,0.424163425,3.15877175
159,1920.0,2.67275e-07,1.070877e-06,8.037304499999999e-08,1920.0,8.013936500000001e-06,1.42398875e-05,3.717589e-06,1920,1.26101e-05,4.7242550000000004e-05,1.643012e-06,1920,85.778,52.0599,137.7584,0.95876535,0.424163425,3.15877175
160,1932.0,2.67275e-07,9.99020275e-07,6.750431750000001e-08,1932.0,7.072857e-06,1.40981675e-05,2.70434375e-06,1932,1.26101e-05,4.7242550000000004e-05,1.643012e-06,1932,85.778,52.0599,137.7584,0.95876535,0.424163425,3.15877175
161,1944.0,2.095915e-07,8.179336e-07,6.61001575e-08,1944.0,5.290829499999999e-06,1.246708e-05,2.4700025e-06,1944,1.26101e-05,4.7242550000000004e-05,1.27412675e-06,1944,85.778,52.0599,137.7584,0.95876535,0.424163425,3.15877175
162,1956.0,2.0539214999999998e-07,7.938189499999999e-07,4.8430555e-08,1956.0,5.290829499999999e-06,1.246708e-05,2.0525055e-06,1956,1.254598e-05,4.7242550000000004e-05,1.2580437500000002e-06,1956,85.778,52.0599,137.7584,0.95876535,0.424163425,3.15877175
163,1968.0,1.6150825e-07,7.938189499999999e-07,4.73589925e-08,1968.0,5.0067005e-06,1.246708e-05,2.0525055e-06,1968,1.150865e-05,4.7242550000000004e-05,1.2580437500000002e-06,1968,85.778,52.0599,137.7584,0.95876535,0.424163425,3.15877175
164,1980.0,1.44582835e-07,5.709237e-07,4.02143775e-08,1980.0,4.678104e-06,1.21190475e-05,1.4866755e-06,1980,8.0726775e-06,4.7242550000000004e-05,1.208625325e-06,1980,85.778,52.0599,137.7584,0.95876535,0.424163425,3.15877175
165,1992.0,1.22529065e-07,5.06968075e-07,3.818171e-08,1992.0,4.678104e-06,9.72609725e-06,1.4814892499999999e-06,1992,7.9405075e-06,4.1426807500000005e-05,1.1299998249999999e-06,1992,85.778,52.0599,137.7584,0.95876535,0.424163425,3.15877175
166,2004.0,1.22529065e-07,3.530757e-07,3.7151915e-08,2004.0,3.4091455e-06,7.34441525e-06,1.4500605e-06,2004,5.958384999999999e-06,3.1923895e-05,8.89714825e-07,2004,85.778,52.0599,137.7584,0.95876535,0.424163425,3.15877175
167,2016.0,1.04662865e-07,3.48432875e-07,3.7151915e-08,2016.0,3.266776e-06,6.6512675000000004e-06,1.44978725e-06,2016,5.871675999999999e-06,2.2948402500000002e-05,8.7407595e-07,2016,85.778,52.0599,137.7584,0.95876535,0.424163425,3.15877175
168,2028.0,1.0460361500000001e-07,3.48432875e-07,2.9466582500000003e-08,2028.0,2.9509755e-06,6.3343965e-06,1.25429025e-06,2028,4.769426e-06,1.6591825e-05,7.517041749999999e-07,2028,85.778,52.0599,137.7584,0.95876535,0.424163425,3.15877175
169,2040.0,1.0244851000000002e-07,3.48432875e-07,2.5605125e-08,2040.0,2.9509755e-06,6.3343965e-06,1.25429025e-06,2040,4.397225e-06,1.6591825e-05,7.28705375e-07,2040,85.778,52.0599,137.7584,0.95876535,0.424163425,3.15877175
170,2052.0,9.084971e-08,3.48432875e-07,2.5605125e-08,2052.0,2.9090285e-06,5.27875e-06,1.25429025e-06,2052,4.397225e-06,1.6489592499999998e-05,6.8963685e-07,2052,85.778,52.0599,137.7584,0.95876535,0.424163425,3.15877175
171,2064.0,7.1314365e-08,3.48432875e-07,2.5605125e-08,2064.0,2.9090285e-06,5.27875e-06,1.1236125e-06,2064,4.397225e-06,1.48747925e-05,5.4911105e-07,2064,85.778,52.0599,137.7584,0.95876535,0.424163425,3.15877175
172,2076.0,7.1314365e-08,2.843794e-07,2.04758875e-08,2076.0,2.5866525000000002e-06,4.73873925e-06,1.02130165e-06,2076,3.922852e-06,1.348724e-05,5.039399499999999e-07,2076,85.778,52.0599,137.7584,0.95876535,0.424163425,3.15877175
173,2088.0,6.395954499999999e-08,2.5492774999999996e-07,1.83645025e-08,2088.0,2.4202425e-06,4.29281325e-06,1.02130165e-06,2088,2.8490735e-06,1.20309425e-05,5.039399499999999e-07,2088,85.778,52.0599,137.7584,0.95876535,0.424163425,3.15877175
174,2100.0,5.4499635000000004e-08,2.44354325e-07,1.83299525e-08,2100.0,2.0397005e-06,4.29281325e-06,8.20106575e-07,2100,2.3483355e-06,1.20309425e-05,4.480417e-07,2100,85.778,52.0599,137.7584,0.95876535,0.424163425,3.15877175
175,2112.0,3.9299545e-08,1.7459412499999999e-07,1.1722467499999999e-08,2112.0,2.0397005e-06,3.23104325e-06,6.48514225e-07,2112,2.3483355e-06,1.20309425e-05,4.1447815e-07,2112,85.778,52.0599,137.7584,0.95876535,0.424163425,3.15877175
176,2124.0,3.7693855e-08,1.740828e-07,1.1722467499999999e-08,2124.0,1.356545e-06,3.05582325e-06,6.327965500000001e-07,2124,2.0841165e-06,1.20309425e-05,4.1447815e-07,2124,85.778,52.0599,137.7584,0.95876535,0.424163425,3.15877175
177,2136.0,3.7693855e-08,1.52083e-07,1.054664725e-08,2136.0,1.304194e-06,2.89643625e-06,5.572344e-07,2136,2.0841165e-06,1.159917e-05,4.054914e-07,2136,85.778,52.0599,137.7584,0.95876535,0.424163425,3.15877175
178,2148.0,3.1861705e-08,1.128927e-07,9.124135749999999e-09,2148.0,1.304194e-06,2.53899e-06,5.44946575e-07,2148,1.9053235e-06,1.117558e-05,3.15205e-07,2148,85.778,52.0599,137.7584,0.95876535,0.424163425,3.15877175
179,2160.0,2.558444e-08,1.128927e-07,9.124135749999999e-09,2160.0,9.961853499999999e-07,2.27008975e-06,4.6529405e-07,2160,1.869631e-06,1.107134e-05,2.66239725e-07,2160,85.778,52.0599,137.7584,0.95876535,0.424163425,3.15877175
180,2172.0,2.438226e-08,9.49710525e-08,9.124135749999999e-09,2172.0,8.536583500000001e-07,2.1201965e-06,4.5097642500000003e-07,2172,1.637576e-06,1.0254625e-05,2.66239725e-07,2172,85.778,52.0599,137.7584,0.95876535,0.424163425,3.15877175
181,2184.0,2.1986899999999998e-08,9.49710525e-08,9.124135749999999e-09,2184.0,7.285394500000001e-07,2.1201965e-06,4.283117e-07,2184,1.4033785e-06,1.016379e-05,2.3897627500000003e-07,2184,85.778,52.0599,137.7584,0.95876535,0.424163425,3.15877175
182,2196.0,1.602355e-08,9.49710525e-08,9.124135749999999e-09,2196.0,6.630847e-07,1.644311e-06,3.9273185e-07,2196,1.2017255e-06,7.20418675e-06,2.3107862500000002e-07,2196,85.778,52.0599,137.7584,0.95876535,0.424163425,3.15877175
183,2208.0,1.602355e-08,9.49710525e-08,9.124135749999999e-09,2208.0,6.630847e-07,1.4651895e-06,3.410932e-07,2208,1.0819944e-06,6.845793e-06,1.86156325e-07,2208,85.778,52.0599,137.7584,0.95876535,0.424163425,3.15877175
184,2220.0,1.5845225e-08,7.46710675e-08,9.124135749999999e-09,2220.0,6.458169500000001e-07,1.4067505e-06,2.67234475e-07,2220,1.0819944e-06,5.549748e-06,1.8504875e-07,2220,85.778,52.0599,137.7584,0.95876535,0.424163425,3.15877175
185,2232.0,1.2383589999999999e-08,5.7278672499999996e-08,9.124135749999999e-09,2232.0,6.099031500000001e-07,1.1876762500000001e-06,2.55594975e-07,2232,9.9238295e-07,4.18610875e-06,1.3201845e-07,2232,85.778,52.0599,137.7584,0.95876535,0.424163425,3.15877175
186,2244.0,1.2383589999999999e-08,4.8327055e-08,9.124135749999999e-09,2244.0,5.72867e-07,1.1876762500000001e-06,2.55594975e-07,2244,9.8735895e-07,4.00785075e-06,1.10584625e-07,2244,85.778,52.0599,137.7584,0.95876535,0.424163425,3.15877175
187,2256.0,1.1973554999999999e-08,3.90083775e-08,9.124135749999999e-09,2256.0,4.701792e-07,1.01407705e-06,2.4206745e-07,2256,9.719564e-07,3.974055e-06,1.10584625e-07,2256,85.778,52.0599,137.7584,0.95876535,0.424163425,3.15877175
188,2268.0,1.0731447e-08,3.3622005e-08,8.4708635e-09,2268.0,4.318432e-07,8.73437825e-07,1.8565960000000001e-07,2268,6.809243499999999e-07,2.9256024999999997e-06,1.10584625e-07,2268,85.778,52.0599,137.7584,0.95876535,0.424163425,3.15877175
189,2280.0,1.0731447e-08,3.356997e-08,8.4708635e-09,2280.0,3.9674065e-07,8.4219435e-07,1.690798e-07,2280,6.088650500000001e-07,2.78267075e-06,1.0604687e-07,2280,85.778,52.0599,137.7584,0.95876535,0.424163425,3.15877175
190,,,,,2292.0,3.179093e-07,7.329112499999999e-07,1.42612025e-07,2292,5.368066500000001e-07,2.44403325e-06,9.08426825e-08,2292,85.778,52.0599,137.7584,0.95876535,0.424163425,3.15877175
191,,,,,2304.0,2.582557e-07,6.9187585e-07,1.4059449999999998e-07,2304,5.1539765e-07,2.44403325e-06,7.402095500000001e-08,2304,85.778,52.0599,137.7584,0.95876535,0.424163425,3.15877175
192,,,,,2316.0,2.582557e-07,5.964445e-07,1.4059449999999998e-07,2316,4.5200335e-07,2.052579e-06,7.402095500000001e-08,2316,85.778,52.0599,137.7584,0.95876535,0.424163425,3.15877175
193,,,,,2328.0,2.306241e-07,5.931851e-07,1.302665e-07,2328,4.2427429999999995e-07,2.052579e-06,5.17318125e-08,2328,85.778,52.0599,137.7584,0.95876535,0.424163425,3.15877175
194,,,,,2340.0,2.306241e-07,5.6431415e-07,1.20797575e-07,2340,4.2427429999999995e-07,1.9787805e-06,5.17318125e-08,2340,85.778,52.0599,137.7584,0.95876535,0.424163425,3.15877175
195,,,,,2352.0,1.6816175e-07,4.54482825e-07,1.0705323e-07,2352,4.155862e-07,1.9336605e-06,4.80163575e-08,2352,85.778,52.0599,137.7584,0.95876535,0.424163425,3.15877175
196,,,,,2364.0,1.6543865e-07,4.026408e-07,8.8450175e-08,2364,3.74683e-07,1.77271325e-06,3.75729175e-08,2364,85.778,52.0599,137.7584,0.95876535,0.424163425,3.15877175
197,,,,,2376.0,1.536764e-07,3.73216875e-07,8.48480275e-08,2376,3.674389e-07,1.77271325e-06,3.75729175e-08,2376,85.778,52.0599,137.7584,0.95876535,0.424163425,3.15877175
198,,,,,2388.0,1.2941750000000001e-07,3.06519475e-07,6.274936e-08,2388,2.699655e-07,1.21663675e-06,3.75729175e-08,2388,85.778,52.0599,137.7584,0.95876535,0.424163425,3.15877175
199,,,,,2400.0,1.250142e-07,2.88006175e-07,6.07150225e-08,2400,2.5191995e-07,8.49645925e-07,3.75729175e-08,2400,85.778,52.0599,137.7584,0.95876535,0.424163425,3.15877175
200,,,,,2412.0,1.2261105e-07,2.46347175e-07,6.048363000000001e-08,2412,1.9819135e-07,7.55830375e-07,3.625424e-08,2412,85.778,52.0599,137.7584,0.95876535,0.424163425,3.15877175
201,,,,,2424.0,8.937683e-08,2.33891225e-07,5.7063680000000005e-08,2424,1.9819135e-07,6.21473325e-07,3.10612725e-08,2424,85.778,52.0599,137.7584,0.95876535,0.424163425,3.15877175
202,,,,,2436.0,8.7334735e-08,2.01932225e-07,5.56719825e-08,2436,1.8882125e-07,6.21473325e-07,2.18092425e-08,2436,85.778,52.0599,137.7584,0.95876535,0.424163425,3.15877175
203,,,,,2448.0,7.52079e-08,1.8347315e-07,5.0878245e-08,2448,1.763759e-07,6.21473325e-07,2.13739425e-08,2448,85.778,52.0599,137.7584,0.95876535,0.424163425,3.15877175
204,,,,,2460.0,6.6854245e-08,1.5144169999999998e-07,5.0878245e-08,2460,1.763759e-07,5.9555005e-07,2.01419675e-08,2460,85.778,52.0599,137.7584,0.95876535,0.424163425,3.15877175
205,,,,,2472.0,5.3132325e-08,1.2681015e-07,4.003236e-08,2472,1.4804835e-07,5.9555005e-07,1.81110125e-08,2472,85.778,52.0599,137.7584,0.95876535,0.424163425,3.15877175
206,,,,,2484.0,4.4699175e-08,1.253556e-07,3.82435775e-08,2484,1.398781e-07,5.9555005e-07,1.77413625e-08,2484,85.778,52.0599,137.7584,0.95876535,0.424163425,3.15877175
207,,,,,2496.0,3.9536259999999994e-08,1.17122825e-07,3.06612925e-08,2496,8.098781000000001e-08,5.001192250000001e-07,1.3821239999999999e-08,2496,85.778,52.0599,137.7584,0.95876535,0.424163425,3.15877175
208,,,,,2508.0,3.8152325e-08,1.028928375e-07,2.99696375e-08,2508,6.3462965e-08,4.8251125e-07,1.2958385e-08,2508,85.778,52.0599,137.7584,0.95876535,0.424163425,3.15877175
209,,,,,2520.0,3.442882e-08,9.1380915e-08,2.3994012500000002e-08,2520,6.3462965e-08,4.1044025e-07,1.1387785e-08,2520,85.778,52.0599,137.7584,0.95876535,0.424163425,3.15877175
210,,,,,2532.0,3.3945405e-08,8.4066145e-08,2.09926325e-08,2532,4.9737504999999996e-08,3.58497275e-07,1.1256779999999999e-08,2532,85.778,52.0599,137.7584,0.95876535,0.424163425,3.15877175
211,,,,,2544.0,2.4624275e-08,7.067833e-08,2.06690325e-08,2544,4.361005e-08,3.0542105e-07,9.45581575e-09,2544,85.778,52.0599,137.7584,0.95876535,0.424163425,3.15877175
212,,,,,2556.0,2.4624275e-08,7.054882e-08,2.0186e-08,2556,4.0326465e-08,2.7303309999999997e-07,9.050642e-09,2556,85.778,52.0599,137.7584,0.95876535,0.424163425,3.15877175
213,,,,,2568.0,2.35306e-08,7.054882e-08,1.4490312500000001e-08,2568,4.0326465e-08,2.60869725e-07,9.050642e-09,2568,85.778,52.0599,137.7584,0.95876535,0.424163425,3.15877175
214,,,,,2580.0,2.1313475000000003e-08,6.565107250000001e-08,1.34044225e-08,2580,4.0326465e-08,1.9024965e-07,8.605078750000001e-09,2580,85.778,52.0599,137.7584,0.95876535,0.424163425,3.15877175
215,,,,,2592.0,2.1313475000000003e-08,6.565107250000001e-08,1.2332352499999999e-08,2592,4.0326465e-08,1.796337e-07,8.605078750000001e-09,2592,85.778,52.0599,137.7584,0.95876535,0.424163425,3.15877175
216,,,,,2604.0,1.8340525e-08,4.8912265e-08,1.175559e-08,2604,3.862988e-08,1.6796472500000002e-07,8.605078750000001e-09,2604,85.778,52.0599,137.7584,0.95876535,0.424163425,3.15877175
217,,,,,2616.0,1.690968e-08,4.85156125e-08,9.993310999999999e-09,2616,3.3486410000000005e-08,1.6787037500000002e-07,8.605078750000001e-09,2616,85.778,52.0599,137.7584,0.95876535,0.424163425,3.15877175
218,,,,,2628.0,1.465986e-08,4.0329909999999996e-08,9.8146335e-09,2628,2.8443845e-08,1.1633705e-07,8.0329915e-09,2628,85.778,52.0599,137.7584,0.95876535,0.424163425,3.15877175
219,,,,,2640.0,1.420505e-08,3.9113e-08,9.578971e-09,2640,2.8443845e-08,1.09550975e-07,8.0329915e-09,2640,85.778,52.0599,137.7584,0.95876535,0.424163425,3.15877175
220,,,,,2652.0,1.12280285e-08,3.60250475e-08,8.322915e-09,2652,2.8443845e-08,9.93180625e-08,8.0329915e-09,2652,85.778,52.0599,137.7584,0.95876535,0.424163425,3.15877175
221,,,,,2664.0,1.12280285e-08,2.5427112499999998e-08,8.322915e-09,2664,2.2886745e-08,8.1631255e-08,8.0329915e-09,2664,85.778,52.0599,137.7584,0.95876535,0.424163425,3.15877175
222,,,,,,,,,2676,2.2886745e-08,6.85164375e-08,8.0329915e-09,2676,85.778,52.0599,137.7584,0.95876535,0.424163425,3.15877175
223,,,,,,,,,2688,2.2886745e-08,6.85164375e-08,8.0329915e-09,2688,85.778,52.0599,137.7584,0.95876535,0.424163425,3.15877175
224,,,,,,,,,2700,1.736719e-08,6.20277225e-08,8.0329915e-09,2700,85.778,52.0599,137.7584,0.95876535,0.424163425,3.15877175
225,,,,,,,,,2712,1.3674715e-08,6.20277225e-08,8.0329915e-09,2712,85.778,52.0599,137.7584,0.95876535,0.424163425,3.15877175
226,,,,,,,,,2724,1.2732735e-08,5.86302225e-08,8.0329915e-09,2724,85.778,52.0599,137.7584,0.95876535,0.424163425,3.15877175
227,,,,,,,,,2736,1.2033559999999999e-08,4.6940054999999996e-08,7.858909e-09,2736,85.778,52.0599,137.7584,0.95876535,0.424163425,3.15877175
